{
  "checks": {
    "c1": {
      "criterion": "rho <= 0 and upper_ci < 0.1 for both H and K",
      "passed": false,
      "per_action": {
        "continue@1": {
          "n_states": 71,
          "passed": true,
          "rho_H": -0.3674379610999329,
          "rho_H_ci": [
            -0.5441270026547618,
            -0.13600872543463613
          ],
          "rho_K": -0.5611334674714956,
          "rho_K_ci": [
            -0.6970422685209838,
            -0.4007617799825826
          ]
        },
        "continue@1.22": {
          "n_states": 71,
          "passed": true,
          "rho_H": -0.3796780684104627,
          "rho_H_ci": [
            -0.56466246910041,
            -0.1730897733084121
          ],
          "rho_K": -0.5775318578135479,
          "rho_K_ci": [
            -0.7067355645997234,
            -0.387491854311064
          ]
        },
        "continue@1.49": {
          "n_states": 71,
          "passed": true,
          "rho_H": -0.3576794097920858,
          "rho_H_ci": [
            -0.5305246970774522,
            -0.1488964672906365
          ],
          "rho_K": -0.5957075788061703,
          "rho_K_ci": [
            -0.7045812107541273,
            -0.4384261521946032
          ]
        },
        "continue@1.82": {
          "n_states": 71,
          "passed": true,
          "rho_H": -0.17665995975855128,
          "rho_H_ci": [
            -0.40852437971254724,
            0.06283794203413236
          ],
          "rho_K": -0.46747149564050966,
          "rho_K_ci": [
            -0.6581845622563727,
            -0.24878079172628992
          ]
        },
        "continue@2.22": {
          "n_states": 71,
          "passed": true,
          "rho_H": -0.4001341381623072,
          "rho_H_ci": [
            -0.5937008898686477,
            -0.18717890808307466
          ],
          "rho_K": -0.5423541247484909,
          "rho_K_ci": [
            -0.6754282639170043,
            -0.3549442594926888
          ]
        },
        "continue@2.71": {
          "n_states": 71,
          "passed": true,
          "rho_H": -0.443963782696177,
          "rho_H_ci": [
            -0.6188481389426681,
            -0.2559150600749518
          ],
          "rho_K": -0.5230046948356807,
          "rho_K_ci": [
            -0.6629159692500346,
            -0.3555261980120991
          ]
        },
        "continue@3.3": {
          "n_states": 71,
          "passed": true,
          "rho_H": -0.38940308517773303,
          "rho_H_ci": [
            -0.5620061042706503,
            -0.1712380625280126
          ],
          "rho_K": -0.5528504359490275,
          "rho_K_ci": [
            -0.6708171663151573,
            -0.3663452232268068
          ]
        },
        "continue@4": {
          "n_states": 71,
          "passed": true,
          "rho_H": -0.28598256203890005,
          "rho_H_ci": [
            -0.4798344171733632,
            -0.06733546420092143
          ],
          "rho_K": -0.5100938967136149,
          "rho_K_ci": [
            -0.6694360280132149,
            -0.3290037651221593
          ]
        },
        "stop@1": {
          "n_states": 71,
          "passed": false,
          "rho_H": 0.09912810194500334,
          "rho_H_ci": [
            -0.12582917253698253,
            0.32984719548442476
          ],
          "rho_K": 0.10462776659959756,
          "rho_K_ci": [
            -0.12642144597696955,
            0.3505869875174841
          ]
        },
        "stop@1.22": {
          "n_states": 71,
          "passed": false,
          "rho_H": 0.021327967806841045,
          "rho_H_ci": [
            -0.25715533664098555,
            0.266573036210091
          ],
          "rho_K": -0.020456069751844396,
          "rho_K_ci": [
            -0.22315489841478525,
            0.21160978064881636
          ]
        },
        "stop@1.49": {
          "n_states": 71,
          "passed": false,
          "rho_H": -0.006572769953051642,
          "rho_H_ci": [
            -0.24326577207846325,
            0.24292684096129058
          ],
          "rho_K": -0.0658618376928236,
          "rho_K_ci": [
            -0.30267071828859177,
            0.16613939515633566
          ]
        },
        "stop@1.82": {
          "n_states": 71,
          "passed": false,
          "rho_H": -0.017907444668008046,
          "rho_H_ci": [
            -0.24337447474288426,
            0.23042933594175766
          ],
          "rho_K": -0.06646545942320589,
          "rho_K_ci": [
            -0.30546824672824696,
            0.15948504246844597
          ]
        },
        "stop@2.22": {
          "n_states": 71,
          "passed": false,
          "rho_H": -0.022904091213950366,
          "rho_H_ci": [
            -0.22121625779179568,
            0.21319466236729437
          ],
          "rho_K": 0.07196512407780012,
          "rho_K_ci": [
            -0.16676778411599072,
            0.3041082262381392
          ]
        },
        "stop@2.71": {
          "n_states": 71,
          "passed": false,
          "rho_H": -0.005197853789403085,
          "rho_H_ci": [
            -0.24307552941278587,
            0.25026101247183113
          ],
          "rho_K": 0.1146881287726358,
          "rho_K_ci": [
            -0.11830975865051457,
            0.3605439055288852
          ]
        },
        "stop@3.3": {
          "n_states": 71,
          "passed": false,
          "rho_H": 0.0077129443326626424,
          "rho_H_ci": [
            -0.2426046194891333,
            0.2641923493922121
          ],
          "rho_K": 0.09040912139503687,
          "rho_K_ci": [
            -0.17779551485312883,
            0.3163832002518146
          ]
        },
        "stop@4": {
          "n_states": 71,
          "passed": false,
          "rho_H": 0.05301810865191147,
          "rho_H_ci": [
            -0.21423728725846106,
            0.3226537111506741
          ],
          "rho_K": 0.10496311200536552,
          "rho_K_ci": [
            -0.1208816501166812,
            0.3503585002408407
          ]
        }
      }
    },
    "c2": {
      "criterion": "Kendall tau <= 0 for E[-H'-K' | s, a] over state rank H+K",
      "passed": true,
      "per_action": {
        "continue@1": {
          "kendall_tau": -0.05271629778672032,
          "n_states": 71,
          "passed": true
        },
        "continue@1.22": {
          "kendall_tau": -0.08329979879275654,
          "n_states": 71,
          "passed": true
        },
        "continue@1.49": {
          "kendall_tau": -0.01971830985915493,
          "n_states": 71,
          "passed": true
        },
        "continue@1.82": {
          "kendall_tau": -0.07122736418511068,
          "n_states": 71,
          "passed": true
        },
        "continue@2.22": {
          "kendall_tau": -0.09376257545271631,
          "n_states": 71,
          "passed": true
        },
        "continue@2.71": {
          "kendall_tau": -0.05915492957746479,
          "n_states": 71,
          "passed": true
        },
        "continue@3.3": {
          "kendall_tau": -0.06961770623742455,
          "n_states": 71,
          "passed": true
        },
        "continue@4": {
          "kendall_tau": -0.08008048289738431,
          "n_states": 71,
          "passed": true
        },
        "stop@1": {
          "kendall_tau": -0.10100603621730384,
          "n_states": 71,
          "passed": true
        },
        "stop@1.22": {
          "kendall_tau": -0.04225352112676057,
          "n_states": 71,
          "passed": true
        },
        "stop@1.49": {
          "kendall_tau": -0.017303822937625758,
          "n_states": 71,
          "passed": true
        },
        "stop@1.82": {
          "kendall_tau": -0.02776659959758552,
          "n_states": 71,
          "passed": true
        },
        "stop@2.22": {
          "kendall_tau": -0.0551307847082495,
          "n_states": 71,
          "passed": true
        },