method,setting,threshold,accuracy_pct,speed_tps,speculative_tps,speedup_ours
baseline,default,,20.0,68.73938197685116,36.96892413703699,1.859382808167393
speculative,default,,40.0,36.96892413703699,36.96892413703699,1.0
autojudge,threshold=0.294468,0.2944683548987302,40.0,43.84188665314473,36.96892413703699,1.1859118888781002
topk,topk_rank=4,,40.0,66.06110711000507,36.96892413703699,1.786936153866115
specexec,default,,0.0,2.278444253896657,36.96892413703699,0.061631337862332256
