method,setting,threshold,accuracy_pct,speed_tps,speculative_tps,speedup_ours
baseline,default,,,66.18350831084902,31.12782282497995,2.1261849465982254
speculative,default,,,31.12782282497995,31.12782282497995,1.0
autojudge,threshold=0.294468,0.2944683548987302,,23.71041590202986,31.12782282497995,0.7617113485689192
topk,topk_rank=4,,,34.24401823158315,31.12782282497995,1.1001096486614046
specexec,default,,,1.8613178347208474,31.12782282497995,0.05979595313126582
